CEP,Nome
26525030,Léo Pereira
24722550,Alexia Andrade
25221430,Luigi Rezende
25211011,Alexia Sá
26525030,Renan Cavalcante
22290040,Ester da Rosa
26113460,Allana Ferreira
27323000,Vinicius Carvalho
22290040,Emilly Mendonça
27323000,Sarah Peixoto
21230700,Helena Mendonça
21046635,Maria Cecília Melo
23822205,Camila Campos
21625135,Theodoro Ferreira
21046635,Melina Fogaça
25211011,Mirella Jesus
26525030,João Araújo
23822205,Luiz Felipe Lima
28922165,Heloísa Ramos
21840517,Esther Carvalho
25211011,Ana Júlia Aragão
25221430,Alana Siqueira
27323000,Sarah Melo
27323000,Lucas Albuquerque
21230700,Kamilly Almeida
21230700,Bruna Mendonça
24722550,Ryan Peixoto
21046635,Beatriz da Paz
26525030,Maria Cecília Almeida
26270490,Anthony Pires
